b'id',b'key',b'value',b'type'
b'29939040',b'created_by',b'Merkaartor 0.12',b'regular'
b'29939040',b'created_by',b'Merkaartor 0.12',b'regular'
b'29939040',b'created_by',b'Merkaartor 0.12',b'regular'
b'29939040',b'created_by',b'Merkaartor 0.12',b'regular'
b'29939066',b'name',b'Ancol',b'regular'
b'29939066',b'name',b'Ancol',b'regular'
b'29939066',b'name',b'Ancol',b'regular'
b'29939066',b'name',b'Ancol',b'regular'
b'29939066',b'tourism',b'theme_park',b'regular'
b'29939066',b'tourism',b'theme_park',b'regular'
b'29939066',b'tourism',b'theme_park',b'regular'
b'29939066',b'tourism',b'theme_park',b'regular'
b'29939066',b'alt_name',b'Taman Impian Jaya Ancol',b'regular'
b'29939066',b'alt_name',b'Taman Impian Jaya Ancol',b'regular'
b'29939066',b'alt_name',b'Taman Impian Jaya Ancol',b'regular'
b'29939066',b'alt_name',b'Taman Impian Jaya Ancol',b'regular'
b'29939066',b'created_by',b'Potlatch 0.10f',b'regular'
b'29939066',b'created_by',b'Potlatch 0.10f',b'regular'
b'29939066',b'created_by',b'Potlatch 0.10f',b'regular'
b'29939066',b'created_by',b'Potlatch 0.10f',b'regular'
b'29939561',b'ref',b'10',b'regular'
b'29939561',b'ref',b'10',b'regular'
b'29939561',b'ref',b'10',b'regular'
b'29939561',b'ref',b'10',b'regular'
b'29939561',b'name',b'Cempaka Timur',b'regular'
b'29939561',b'name',b'Cempaka Timur',b'regular'
b'29939561',b'name',b'Cempaka Timur',b'regular'
b'29939561',b'name',b'Cempaka Timur',b'regular'
b'29939561',b'highway',b'motorway_junction',b'regular'
b'29939561',b'highway',b'motorway_junction',b'regular'
b'29939561',b'highway',b'motorway_junction',b'regular'
b'29939561',b'highway',b'motorway_junction',b'regular'
b'29939606',b'ref',b'2',b'regular'
b'29939606',b'ref',b'2',b'regular'
b'29939606',b'ref',b'2',b'regular'
b'29939606',b'ref',b'2',b'regular'
b'29939606',b'name',b'Jatinegara',b'regular'
b'29939606',b'name',b'Jatinegara',b'regular'
b'29939606',b'name',b'Jatinegara',b'regular'
b'29939606',b'name',b'Jatinegara',b'regular'
b'29939606',b'highway',b'motorway_junction',b'regular'
b'29939606',b'highway',b'motorway_junction',b'regular'
b'29939606',b'highway',b'motorway_junction',b'regular'
b'29939606',b'highway',b'motorway_junction',b'regular'
b'29939632',b'name',b'Jakarta',b'regular'
b'29939632',b'name',b'Jakarta',b'regular'
b'29939632',b'name',b'Jakarta',b'regular'
b'29939632',b'name',b'Jakarta',b'regular'
b'29939632',b'place',b'city',b'regular'
b'29939632',b'place',b'city',b'regular'
b'29939632',b'place',b'city',b'regular'
b'29939632',b'place',b'city',b'regular'
b'29939632',b'capital',b'yes',b'regular'
b'29939632',b'capital',b'yes',b'regular'
b'29939632',b'capital',b'yes',b'regular'
b'29939632',b'capital',b'yes',b'regular'
b'29939632',b'af',b'Djakarta',b'name'
b'29939632',b'af',b'Djakarta',b'name'
b'29939632',b'af',b'Djakarta',b'name'
b'29939632',b'af',b'Djakarta',b'name'
b'29939632',b'am',b'\xe1\x8c\x83\xe1\x8a\xab\xe1\x88\xad\xe1\x89\xb3',b'name'
b'29939632',b'am',b'\xe1\x8c\x83\xe1\x8a\xab\xe1\x88\xad\xe1\x89\xb3',b'name'
b'29939632',b'am',b'\xe1\x8c\x83\xe1\x8a\xab\xe1\x88\xad\xe1\x89\xb3',b'name'
b'29939632',b'am',b'\xe1\x8c\x83\xe1\x8a\xab\xe1\x88\xad\xe1\x89\xb3',b'name'
b'29939632',b'ar',b'\xd8\xac\xd8\xa7\xd9\x83\xd8\xb1\xd8\xaa\xd8\xa7',b'name'
b'29939632',b'ar',b'\xd8\xac\xd8\xa7\xd9\x83\xd8\xb1\xd8\xaa\xd8\xa7',b'name'
b'29939632',b'ar',b'\xd8\xac\xd8\xa7\xd9\x83\xd8\xb1\xd8\xaa\xd8\xa7',b'name'
b'29939632',b'ar',b'\xd8\xac\xd8\xa7\xd9\x83\xd8\xb1\xd8\xaa\xd8\xa7',b'name'
b'29939632',b'az',b'Cakarta',b'name'
b'29939632',b'az',b'Cakarta',b'name'
b'29939632',b'az',b'Cakarta',b'name'
b'29939632',b'az',b'Cakarta',b'name'
b'29939632',b'ba',b'\xd0\x94\xd0\xb6\xd0\xb0\xd0\xba\xd0\xb0\xd1\x80\xd1\x82\xd0\xb0',b'name'
b'29939632',b'ba',b'\xd0\x94\xd0\xb6\xd0\xb0\xd0\xba\xd0\xb0\xd1\x80\xd1\x82\xd0\xb0',b'name'
b'29939632',b'ba',b'\xd0\x94\xd0\xb6\xd0\xb0\xd0\xba\xd0\xb0\xd1\x80\xd1\x82\xd0\xb0',b'name'
b'29939632',b'ba',b'\xd0\x94\xd0\xb6\xd0\xb0\xd0\xba\xd0\xb0\xd1\x80\xd1\x82\xd0\xb0',b'name'
b'29939632',b'be',b'\xd0\x94\xd0\xb6\xd0\xb0\xd0\xba\xd0\xb0\xd1\x80\xd1\x82\xd0\xb0',b'name'
b'29939632',b'be',b'\xd0\x94\xd0\xb6\xd0\xb0\xd0\xba\xd0\xb0\xd1\x80\xd1\x82\xd0\xb0',b'name'
b'29939632',b'be',b'\xd0\x94\xd0\xb6\xd0\xb0\xd0\xba\xd0\xb0\xd1\x80\xd1\x82\xd0\xb0',b'name'
b'29939632',b'be',b'\xd0\x94\xd0\xb6\xd0\xb0\xd0\xba\xd0\xb0\xd1\x80\xd1\x82\xd0\xb0',b'name'
b'29939632',b'bg',b'\xd0\x94\xd0\xb6\xd0\xb0\xd0\xba\xd0\xb0\xd1\x80\xd1\x82\xd0\xb0',b'name'
b'29939632',b'bg',b'\xd0\x94\xd0\xb6\xd0\xb0\xd0\xba\xd0\xb0\xd1\x80\xd1\x82\xd0\xb0',b'name'
b'29939632',b'bg',b'\xd0\x94\xd0\xb6\xd0\xb0\xd0\xba\xd0\xb0\xd1\x80\xd1\x82\xd0\xb0',b'name'
b'29939632',b'bg',b'\xd0\x94\xd0\xb6\xd0\xb0\xd0\xba\xd0\xb0\xd1\x80\xd1\x82\xd0\xb0',b'name'
b'29939632',b'bn',b'\xe0\xa6\x9c\xe0\xa6\xbe\xe0\xa6\x95\xe0\xa6\xbe\xe0\xa6\xb0\xe0\xa7\x8d\xe0\xa6\xa4\xe0\xa6\xbe',b'name'
b'29939632',b'bn',b'\xe0\xa6\x9c\xe0\xa6\xbe\xe0\xa6\x95\xe0\xa6\xbe\xe0\xa6\xb0\xe0\xa7\x8d\xe0\xa6\xa4\xe0\xa6\xbe',b'name'
b'29939632',b'bn',b'\xe0\xa6\x9c\xe0\xa6\xbe\xe0\xa6\x95\xe0\xa6\xbe\xe0\xa6\xb0\xe0\xa7\x8d\xe0\xa6\xa4\xe0\xa6\xbe',b'name'
b'29939632',b'bn',b'\xe0\xa6\x9c\xe0\xa6\xbe\xe0\xa6\x95\xe0\xa6\xbe\xe0\xa6\xb0\xe0\xa7\x8d\xe0\xa6\xa4\xe0\xa6\xbe',b'name'
b'29939632',b'bo',b'\xe0\xbd\x8a\xe0\xbc\x8b\xe0\xbd\x81\xe0\xbd\xa2\xe0\xbc\x8b\xe0\xbd\x8f\xe0\xbc\x8d',b'name'
b'29939632',b'bo',b'\xe0\xbd\x8a\xe0\xbc\x8b\xe0\xbd\x81\xe0\xbd\xa2\xe0\xbc\x8b\xe0\xbd\x8f\xe0\xbc\x8d',b'name'
b'29939632',b'bo',b'\xe0\xbd\x8a\xe0\xbc\x8b\xe0\xbd\x81\xe0\xbd\xa2\xe0\xbc\x8b\xe0\xbd\x8f\xe0\xbc\x8d',b'name'
b'29939632',b'bo',b'\xe0\xbd\x8a\xe0\xbc\x8b\xe0\xbd\x81\xe0\xbd\xa2\xe0\xbc\x8b\xe0\xbd\x8f\xe0\xbc\x8d',b'name'
b'29939632',b'bs',b'D\xc5\xbeakarta',b'name'
b'29939632',b'bs',b'D\xc5\xbeakarta',b'name'
b'29939632',b'bs',b'D\xc5\xbeakarta',b'name'
b'29939632',b'bs',b'D\xc5\xbeakarta',b'name'
b'29939632',b'de',b'Jakarta',b'name'
b'29939632',b'de',b'Jakarta',b'name'
b'29939632',b'de',b'Jakarta',b'name'
b'29939632',b'de',b'Jakarta',b'name'
b'29939632',b'el',b'\xce\xa4\xce\xb6\xce\xb1\xce\xba\xce\xac\xcf\x81\xcf\x84\xce\xb1',b'name'
b'29939632',b'el',b'\xce\xa4\xce\xb6\xce\xb1\xce\xba\xce\xac\xcf\x81\xcf\x84\xce\xb1',b'name'
b'29939632',b'el',b'\xce\xa4\xce\xb6\xce\xb1\xce\xba\xce\xac\xcf\x81\xcf\x84\xce\xb1',b'name'
b'29939632',b'el',b'\xce\xa4\xce\xb6\xce\xb1\xce\xba\xce\xac\xcf\x81\xcf\x84\xce\xb1',b'name'
b'29939632',b'eo',b'\xc4\x9cakarto',b'name'
b'29939632',b'eo',b'\xc4\x9cakarto',b'name'
b'29939632',b'eo',b'\xc4\x9cakarto',b'name'
b'29939632',b'eo',b'\xc4\x9cakarto',b'name'
b'29939632',b'es',b'Yakarta',b'name'
b'29939632',b'es',b'Yakarta',b'name'
b'29939632',b'es',b'Yakarta',b'name'
b'29939632',b'es',b'Yakarta',b'name'
b'29939632',b'fa',b'\xd8\xac\xd8\xa7\xda\xa9\xd8\xa7\xd8\xb1\xd8\xaa\xd8\xa7',b'name'
b'29939632',b'fa',b'\xd8\xac\xd8\xa7\xda\xa9\xd8\xa7\xd8\xb1\xd8\xaa\xd8\xa7',b'name'
b'29939632',b'fa',b'\xd8\xac\xd8\xa7\xda\xa9\xd8\xa7\xd8\xb1\xd8\xaa\xd8\xa7',b'name'
b'29939632',b'fa',b'\xd8\xac\xd8\xa7\xda\xa9\xd8\xa7\xd8\xb1\xd8\xaa\xd8\xa7',b'name'
b'29939632',b'fr',b'Jakarta',b'name'
b'29939632',b'fr',b'Jakarta',b'name'
b'29939632',b'fr',b'Jakarta',b'name'
b'29939632',b'fr',b'Jakarta',b'name'
b'29939632',b'ga',b'Iac\xc3\xa1rta',b'name'
b'29939632',b'ga',b'Iac\xc3\xa1rta',b'name'
b'29939632',b'ga',b'Iac\xc3\xa1rta',b'name'
b'29939632',b'ga',b'Iac\xc3\xa1rta',b'name'
b'29939632',b'gl',b'Iacarta - Jakarta',b'name'
b'29939632',b'gl',b'Iacarta - Jakarta',b'name'
b'29939632',b'gl',b'Iacarta - Jakarta',b'name'
b'29939632',b'gl',b'Iacarta - Jakarta',b'name'
b'29939632',b'gu',b'\xe0\xaa\x9c\xe0\xaa\xbe\xe0\xaa\x95\xe0\xaa\xbe\xe0\xaa\xb0\xe0\xab\x8d\xe0\xaa\xa4\xe0\xaa\xbe',b'name'
b'29939632',b'gu',b'\xe0\xaa\x9c\xe0\xaa\xbe\xe0\xaa\x95\xe0\xaa\xbe\xe0\xaa\xb0\xe0\xab\x8d\xe0\xaa\xa4\xe0\xaa\xbe',b'name'
b'29939632',b'gu',b'\xe0\xaa\x9c\xe0\xaa\xbe\xe0\xaa\x95\xe0\xaa\xbe\xe0\xaa\xb0\xe0\xab\x8d\xe0\xaa\xa4\xe0\xaa\xbe',b'name'
b'29939632',b'gu',b'\xe0\xaa\x9c\xe0\xaa\xbe\xe0\xaa\x95\xe0\xaa\xbe\xe0\xaa\xb0\xe0\xab\x8d\xe0\xaa\xa4\xe0\xaa\xbe',b'name'
b'29939632',b'he',"b""\xd7\x92'\xd7\xa7\xd7\xa8\xd7\x98\xd7\x94""",b'name'
b'29939632',b'he',"b""\xd7\x92'\xd7\xa7\xd7\xa8\xd7\x98\xd7\x94""",b'name'
b'29939632',b'he',"b""\xd7\x92'\xd7\xa7\xd7\xa8\xd7\x98\xd7\x94""",b'name'
b'29939632',b'he',"b""\xd7\x92'\xd7\xa7\xd7\xa8\xd7\x98\xd7\x94""",b'name'
b'29939632',b'hi',b'\xe0\xa4\x9c\xe0\xa4\x95\xe0\xa4\xbe\xe0\xa4\xb0\xe0\xa5\x8d\xe0\xa4\xa4\xe0\xa4\xbe',b'name'
b'29939632',b'hi',b'\xe0\xa4\x9c\xe0\xa4\x95\xe0\xa4\xbe\xe0\xa4\xb0\xe0\xa5\x8d\xe0\xa4\xa4\xe0\xa4\xbe',b'name'
b'29939632',b'hi',b'\xe0\xa4\x9c\xe0\xa4\x95\xe0\xa4\xbe\xe0\xa4\xb0\xe0\xa5\x8d\xe0\xa4\xa4\xe0\xa4\xbe',b'name'
b'29939632',b'hi',b'\xe0\xa4\x9c\xe0\xa4\x95\xe0\xa4\xbe\xe0\xa4\xb0\xe0\xa5\x8d\xe0\xa4\xa4\xe0\xa4\xbe',b'name'
b'29939632',b'hy',b'\xd5\x8b\xd5\xa1\xd5\xaf\xd5\xa1\xd6\x80\xd5\xbf\xd5\xa1',b'name'
b'29939632',b'hy',b'\xd5\x8b\xd5\xa1\xd5\xaf\xd5\xa1\xd6\x80\xd5\xbf\xd5\xa1',b'name'
b'29939632',b'hy',b'\xd5\x8b\xd5\xa1\xd5\xaf\xd5\xa1\xd6\x80\xd5\xbf\xd5\xa1',b'name'
b'29939632',b'hy',b'\xd5\x8b\xd5\xa1\xd5\xaf\xd5\xa1\xd6\x80\xd5\xbf\xd5\xa1',b'name'
b'29939632',b'id',b'Daerah Khusus Ibukota Jakarta',b'name'
b'29939632',b'id',b'Daerah Khusus Ibukota Jakarta',b'name'
b'29939632',b'id',b'Daerah Khusus Ibukota Jakarta',b'name'
b'29939632',b'id',b'Daerah Khusus Ibukota Jakarta',b'name'
b'29939632',b'is',b'Djakarta',b'name'
b'29939632',b'is',b'Djakarta',b'name'
b'29939632',b'is',b'Djakarta',b'name'
b'29939632',b'is',b'Djakarta',b'name'
b'29939632',b'it',b'Giacarta',b'name'
b'29939632',b'it',b'Giacarta',b'name'
b'29939632',b'it',b'Giacarta',b'name'
b'29939632',b'it',b'Giacarta',b'name'
b'29939632',b'ja',b'\xe3\x82\xb8\xe3\x83\xa3\xe3\x82\xab\xe3\x83\xab\xe3\x82\xbf',b'name'
b'29939632',b'ja',b'\xe3\x82\xb8\xe3\x83\xa3\xe3\x82\xab\xe3\x83\xab\xe3\x82\xbf',b'name'
b'29939632',b'ja',b'\xe3\x82\xb8\xe3\x83\xa3\xe3\x82\xab\xe3\x83\xab\xe3\x82\xbf',b'name'
b'29939632',b'ja',b'\xe3\x82\xb8\xe3\x83\xa3\xe3\x82\xab\xe3\x83\xab\xe3\x82\xbf',b'name'
b'29939632',b'ka',b'\xe1\x83\xaf\xe1\x83\x90\xe1\x83\x99\xe1\x83\x90\xe1\x83\xa0\xe1\x83\xa2\xe1\x83\x90',b'name'
b'29939632',b'ka',b'\xe1\x83\xaf\xe1\x83\x90\xe1\x83\x99\xe1\x83\x90\xe1\x83\xa0\xe1\x83\xa2\xe1\x83\x90',b'name'
b'29939632',b'ka',b'\xe1\x83\xaf\xe1\x83\x90\xe1\x83\x99\xe1\x83\x90\xe1\x83\xa0\xe1\x83\xa2\xe1\x83\x90',b'name'
b'29939632',b'ka',b'\xe1\x83\xaf\xe1\x83\x90\xe1\x83\x99\xe1\x83\x90\xe1\x83\xa0\xe1\x83\xa2\xe1\x83\x90',b'name'
b'29939632',b'kk',b'\xd0\x94\xd0\xb6\xd0\xb0\xd0\xba\xd0\xb0\xd1\x80\xd1\x82\xd0\xb0',b'name'
b'29939632',b'kk',b'\xd0\x94\xd0\xb6\xd0\xb0\xd0\xba\xd0\xb0\xd1\x80\xd1\x82\xd0\xb0',b'name'
b'29939632',b'kk',b'\xd0\x94\xd0\xb6\xd0\xb0\xd0\xba\xd0\xb0\xd1\x80\xd1\x82\xd0\xb0',b'name'
b'29939632',b'kk',b'\xd0\x94\xd0\xb6\xd0\xb0\xd0\xba\xd0\xb0\xd1\x80\xd1\x82\xd0\xb0',b'name'
b'29939632',b'km',b'\xe1\x9e\x85\xe1\x9e\xb6\xe1\x9e\x80\xe1\x9e\xb6\xe1\x9e\x9a\xe1\x9e\x8f\xe1\x9e\xb6',b'name'
b'29939632',b'km',b'\xe1\x9e\x85\xe1\x9e\xb6\xe1\x9e\x80\xe1\x9e\xb6\xe1\x9e\x9a\xe1\x9e\x8f\xe1\x9e\xb6',b'name'
b'29939632',b'km',b'\xe1\x9e\x85\xe1\x9e\xb6\xe1\x9e\x80\xe1\x9e\xb6\xe1\x9e\x9a\xe1\x9e\x8f\xe1\x9e\xb6',b'name'
b'29939632',b'km',b'\xe1\x9e\x85\xe1\x9e\xb6\xe1\x9e\x80\xe1\x9e\xb6\xe1\x9e\x9a\xe1\x9e\x8f\xe1\x9e\xb6',b'name'
b'29939632',b'kn',b'\xe0\xb2\x9c\xe0\xb2\x95\xe0\xb2\xbe\xe0\xb2\xb0\xe0\xb3\x8d\xe0\xb2\xa4',b'name'
b'29939632',b'kn',b'\xe0\xb2\x9c\xe0\xb2\x95\xe0\xb2\xbe\xe0\xb2\xb0\xe0\xb3\x8d\xe0\xb2\xa4',b'name'
b'29939632',b'kn',b'\xe0\xb2\x9c\xe0\xb2\x95\xe0\xb2\xbe\xe0\xb2\xb0\xe0\xb3\x8d\xe0\xb2\xa4',b'name'
b'29939632',b'kn',b'\xe0\xb2\x9c\xe0\xb2\x95\xe0\xb2\xbe\xe0\xb2\xb0\xe0\xb3\x8d\xe0\xb2\xa4',b'name'
b'29939632',b'ko',b'\xec\x9e\x90\xec\xb9\xb4\xeb\xa5\xb4\xed\x83\x80',b'name'
b'29939632',b'ko',b'\xec\x9e\x90\xec\xb9\xb4\xeb\xa5\xb4\xed\x83\x80',b'name'
b'29939632',b'ko',b'\xec\x9e\x90\xec\xb9\xb4\xeb\xa5\xb4\xed\x83\x80',b'name'
b'29939632',b'ko',b'\xec\x9e\x90\xec\xb9\xb4\xeb\xa5\xb4\xed\x83\x80',b'name'
b'29939632',b'ku',b'Cakarta',b'name'
b'29939632',b'ku',b'Cakarta',b'name'
b'29939632',b'ku',b'Cakarta',b'name'
b'29939632',b'ku',b'Cakarta',b'name'
b'29939632',b'lt',b'D\xc5\xbeakarta',b'name'
b'29939632',b'lt',b'D\xc5\xbeakarta',b'name'
b'29939632',b'lt',b'D\xc5\xbeakarta',b'name'
b'29939632',b'lt',b'D\xc5\xbeakarta',b'name'
b'29939632',b'lv',b'D\xc5\xbeakarta',b'name'
b'29939632',b'lv',b'D\xc5\xbeakarta',b'name'
b'29939632',b'lv',b'D\xc5\xbeakarta',b'name'
b'29939632',b'lv',b'D\xc5\xbeakarta',b'name'
b'29939632',b'mk',b'\xd0\x8f\xd0\xb0\xd0\xba\xd0\xb0\xd1\x80\xd1\x82\xd0\xb0',b'name'
b'29939632',b'mk',b'\xd0\x8f\xd0\xb0\xd0\xba\xd0\xb0\xd1\x80\xd1\x82\xd0\xb0',b'name'
b'29939632',b'mk',b'\xd0\x8f\xd0\xb0\xd0\xba\xd0\xb0\xd1\x80\xd1\x82\xd0\xb0',b'name'
b'29939632',b'mk',b'\xd0\x8f\xd0\xb0\xd0\xba\xd0\xb0\xd1\x80\xd1\x82\xd0\xb0',b'name'
b'29939632',b'ml',b'\xe0\xb4\x9c\xe0\xb4\x95\xe0\xb5\x8d\xe0\xb4\x95\xe0\xb4\xbe\xe0\xb5\xbc\xe0\xb4\xa4\xe0\xb5\x8d\xe0\xb4\xa4',b'name'
b'29939632',b'ml',b'\xe0\xb4\x9c\xe0\xb4\x95\xe0\xb5\x8d\xe0\xb4\x95\xe0\xb4\xbe\xe0\xb5\xbc\xe0\xb4\xa4\xe0\xb5\x8d\xe0\xb4\xa4',b'name'
b'29939632',b'ml',b'\xe0\xb4\x9c\xe0\xb4\x95\xe0\xb5\x8d\xe0\xb4\x95\xe0\xb4\xbe\xe0\xb5\xbc\xe0\xb4\xa4\xe0\xb5\x8d\xe0\xb4\xa4',b'name'
b'29939632',b'ml',b'\xe0\xb4\x9c\xe0\xb4\x95\xe0\xb5\x8d\xe0\xb4\x95\xe0\xb4\xbe\xe0\xb5\xbc\xe0\xb4\xa4\xe0\xb5\x8d\xe0\xb4\xa4',b'name'
b'29939632',b'mn',b'\xd0\x96\xd0\xb0\xd0\xba\xd0\xb0\xd1\x80\xd1\x82\xd0\xb0',b'name'
b'29939632',b'mn',b'\xd0\x96\xd0\xb0\xd0\xba\xd0\xb0\xd1\x80\xd1\x82\xd0\xb0',b'name'
b'29939632',b'mn',b'\xd0\x96\xd0\xb0\xd0\xba\xd0\xb0\xd1\x80\xd1\x82\xd0\xb0',b'name'
b'29939632',b'mn',b'\xd0\x96\xd0\xb0\xd0\xba\xd0\xb0\xd1\x80\xd1\x82\xd0\xb0',b'name'
b'29939632',b'mr',b'\xe0\xa4\x9c\xe0\xa4\x95\xe0\xa4\xbe\xe0\xa4\xb0\xe0\xa5\x8d\xe0\xa4\xa4\xe0\xa4\xbe',b'name'
b'29939632',b'mr',b'\xe0\xa4\x9c\xe0\xa4\x95\xe0\xa4\xbe\xe0\xa4\xb0\xe0\xa5\x8d\xe0\xa4\xa4\xe0\xa4\xbe',b'name'
b'29939632',b'mr',b'\xe0\xa4\x9c\xe0\xa4\x95\xe0\xa4\xbe\xe0\xa4\xb0\xe0\xa5\x8d\xe0\xa4\xa4\xe0\xa4\xbe',b'name'
b'29939632',b'mr',b'\xe0\xa4\x9c\xe0\xa4\x95\xe0\xa4\xbe\xe0\xa4\xb0\xe0\xa5\x8d\xe0\xa4\xa4\xe0\xa4\xbe',b'name'
b'29939632',b'my',b'\xe1\x80\x82\xe1\x80\xbb\xe1\x80\x80\xe1\x80\xac\xe1\x80\x90\xe1\x80\xac\xe1\x80\x99\xe1\x80\xbc\xe1\x80\xad\xe1\x80\xaf\xe1\x80\xb7',b'name'
b'29939632',b'my',b'\xe1\x80\x82\xe1\x80\xbb\xe1\x80\x80\xe1\x80\xac\xe1\x80\x90\xe1\x80\xac\xe1\x80\x99\xe1\x80\xbc\xe1\x80\xad\xe1\x80\xaf\xe1\x80\xb7',b'name'
b'29939632',b'my',b'\xe1\x80\x82\xe1\x80\xbb\xe1\x80\x80\xe1\x80\xac\xe1\x80\x90\xe1\x80\xac\xe1\x80\x99\xe1\x80\xbc\xe1\x80\xad\xe1\x80\xaf\xe1\x80\xb7',b'name'
b'29939632',b'my',b'\xe1\x80\x82\xe1\x80\xbb\xe1\x80\x80\xe1\x80\xac\xe1\x80\x90\xe1\x80\xac\xe1\x80\x99\xe1\x80\xbc\xe1\x80\xad\xe1\x80\xaf\xe1\x80\xb7',b'name'
b'29939632',b'os',b'\xd0\x94\xd0\xb6\xd0\xb0\xd0\xba\xd0\xb0\xd1\x80\xd1\x82\xc3\xa6',b'name'
b'29939632',b'os',b'\xd0\x94\xd0\xb6\xd0\xb0\xd0\xba\xd0\xb0\xd1\x80\xd1\x82\xc3\xa6',b'name'
b'29939632',b'os',b'\xd0\x94\xd0\xb6\xd0\xb0\xd0\xba\xd0\xb0\xd1\x80\xd1\x82\xc3\xa6',b'name'
b'29939632',b'os',b'\xd0\x94\xd0\xb6\xd0\xb0\xd0\xba\xd0\xb0\xd1\x80\xd1\x82\xc3\xa6',b'name'
b'29939632',b'pl',b'D\xc5\xbcakarta',b'name'
b'29939632',b'pl',b'D\xc5\xbcakarta',b'name'
b'29939632',b'pl',b'D\xc5\xbcakarta',b'name'
b'29939632',b'pl',b'D\xc5\xbcakarta',b'name'
b'29939632',b'ps',b'\xd8\xac\xda\xa9\xd8\xa7\xd8\xb1\xd8\xaa\xd8\xa7',b'name'
b'29939632',b'ps',b'\xd8\xac\xda\xa9\xd8\xa7\xd8\xb1\xd8\xaa\xd8\xa7',b'name'
b'29939632',b'ps',b'\xd8\xac\xda\xa9\xd8\xa7\xd8\xb1\xd8\xaa\xd8\xa7',b'name'
b'29939632',b'ps',b'\xd8\xac\xda\xa9\xd8\xa7\xd8\xb1\xd8\xaa\xd8\xa7',b'name'
b'29939632',b'pt',b'Jacarta',b'name'
b'29939632',b'pt',b'Jacarta',b'name'
b'29939632',b'pt',b'Jacarta',b'name'
b'29939632',b'pt',b'Jacarta',b'name'
b'29939632',b'ru',b'\xd0\x94\xd0\xb6\xd0\xb0\xd0\xba\xd0\xb0\xd1\x80\xd1\x82\xd0\xb0',b'name'
b'29939632',b'ru',b'\xd0\x94\xd0\xb6\xd0\xb0\xd0\xba\xd0\xb0\xd1\x80\xd1\x82\xd0\xb0',b'name'
b'29939632',b'ru',b'\xd0\x94\xd0\xb6\xd0\xb0\xd0\xba\xd0\xb0\xd1\x80\xd1\x82\xd0\xb0',b'name'
b'29939632',b'ru',b'\xd0\x94\xd0\xb6\xd0\xb0\xd0\xba\xd0\xb0\xd1\x80\xd1\x82\xd0\xb0',b'name'
b'29939632',b'sa',b'\xe0\xa4\x9c\xe0\xa4\x95\xe0\xa4\xbe\xe0\xa4\xb0\xe0\xa5\x8d\xe0\xa4\xa4\xe0\xa4\xbe',b'name'
b'29939632',b'sa',b'\xe0\xa4\x9c\xe0\xa4\x95\xe0\xa4\xbe\xe0\xa4\xb0\xe0\xa5\x8d\xe0\xa4\xa4\xe0\xa4\xbe',b'name'
b'29939632',b'sa',b'\xe0\xa4\x9c\xe0\xa4\x95\xe0\xa4\xbe\xe0\xa4\xb0\xe0\xa5\x8d\xe0\xa4\xa4\xe0\xa4\xbe',b'name'
b'29939632',b'sa',b'\xe0\xa4\x9c\xe0\xa4\x95\xe0\xa4\xbe\xe0\xa4\xb0\xe0\xa5\x8d\xe0\xa4\xa4\xe0\xa4\xbe',b'name'
b'29939632',b'sh',b'D\xc5\xbeakarta',b'name'
b'29939632',b'sh',b'D\xc5\xbeakarta',b'name'
b'29939632',b'sh',b'D\xc5\xbeakarta',b'name'
b'29939632',b'sh',b'D\xc5\xbeakarta',b'name'
b'29939632',b'sk',b'D\xc5\xbeakarta',b'name'
b'29939632',b'sk',b'D\xc5\xbeakarta',b'name'
b'29939632',b'sk',b'D\xc5\xbeakarta',b'name'
b'29939632',b'sk',b'D\xc5\xbeakarta',b'name'
b'29939632',b'sl',b'D\xc5\xbeakarta',b'name'
b'29939632',b'sl',b'D\xc5\xbeakarta',b'name'
b'29939632',b'sl',b'D\xc5\xbeakarta',b'name'
b'29939632',b'sl',b'D\xc5\xbeakarta',b'name'
b'29939632',b'sq',b'Xhakarta',b'name'
b'29939632',b'sq',b'Xhakarta',b'name'
b'29939632',b'sq',b'Xhakarta',b'name'
b'29939632',b'sq',b'Xhakarta',b'name'
b'29939632',b'sr',b'\xd0\x8f\xd0\xb0\xd0\xba\xd0\xb0\xd1\x80\xd1\x82\xd0\xb0',b'name'
b'29939632',b'sr',b'\xd0\x8f\xd0\xb0\xd0\xba\xd0\xb0\xd1\x80\xd1\x82\xd0\xb0',b'name'
b'29939632',b'sr',b'\xd0\x8f\xd0\xb0\xd0\xba\xd0\xb0\xd1\x80\xd1\x82\xd0\xb0',b'name'
b'29939632',b'sr',b'\xd0\x8f\xd0\xb0\xd0\xba\xd0\xb0\xd1\x80\xd1\x82\xd0\xb0',b'name'
b'29939632',b'sv',b'Jakarta',b'name'
b'29939632',b'sv',b'Jakarta',b'name'
b'29939632',b'sv',b'Jakarta',b'name'
b'29939632',b'sv',b'Jakarta',b'name'
b'29939632',b'ta',b'\xe0\xae\x9c\xe0\xae\x95\xe0\xae\xbe\xe0\xae\xb0\xe0\xaf\x8d\xe0\xae\xa4\xe0\xaf\x8d\xe0\xae\xa4\xe0\xae\xbe',b'name'
b'29939632',b'ta',b'\xe0\xae\x9c\xe0\xae\x95\xe0\xae\xbe\xe0\xae\xb0\xe0\xaf\x8d\xe0\xae\xa4\xe0\xaf\x8d\xe0\xae\xa4\xe0\xae\xbe',b'name'
b'29939632',b'ta',b'\xe0\xae\x9c\xe0\xae\x95\xe0\xae\xbe\xe0\xae\xb0\xe0\xaf\x8d\xe0\xae\xa4\xe0\xaf\x8d\xe0\xae\xa4\xe0\xae\xbe',b'name'
b'29939632',b'ta',b'\xe0\xae\x9c\xe0\xae\x95\xe0\xae\xbe\xe0\xae\xb0\xe0\xaf\x8d\xe0\xae\xa4\xe0\xaf\x8d\xe0\xae\xa4\xe0\xae\xbe',b'name'
b'29939632',b'te',b'\xe0\xb0\x9c\xe0\xb0\x95\xe0\xb0\xbe\xe0\xb0\xb0\xe0\xb1\x8d\xe0\xb0\xa4\xe0\xb0\xbe',b'name'
b'29939632',b'te',b'\xe0\xb0\x9c\xe0\xb0\x95\xe0\xb0\xbe\xe0\xb0\xb0\xe0\xb1\x8d\xe0\xb0\xa4\xe0\xb0\xbe',b'name'
b'29939632',b'te',b'\xe0\xb0\x9c\xe0\xb0\x95\xe0\xb0\xbe\xe0\xb0\xb0\xe0\xb1\x8d\xe0\xb0\xa4\xe0\xb0\xbe',b'name'
b'29939632',b'te',b'\xe0\xb0\x9c\xe0\xb0\x95\xe0\xb0\xbe\xe0\xb0\xb0\xe0\xb1\x8d\xe0\xb0\xa4\xe0\xb0\xbe',b'name'
b'29939632',b'th',b'\xe0\xb8\x88\xe0\xb8\xb2\xe0\xb8\x81\xe0\xb8\xb2\xe0\xb8\xa3\xe0\xb9\x8c\xe0\xb8\x95\xe0\xb8\xb2',b'name'
b'29939632',b'th',b'\xe0\xb8\x88\xe0\xb8\xb2\xe0\xb8\x81\xe0\xb8\xb2\xe0\xb8\xa3\xe0\xb9\x8c\xe0\xb8\x95\xe0\xb8\xb2',b'name'
b'29939632',b'th',b'\xe0\xb8\x88\xe0\xb8\xb2\xe0\xb8\x81\xe0\xb8\xb2\xe0\xb8\xa3\xe0\xb9\x8c\xe0\xb8\x95\xe0\xb8\xb2',b'name'
b'29939632',b'th',b'\xe0\xb8\x88\xe0\xb8\xb2\xe0\xb8\x81\xe0\xb8\xb2\xe0\xb8\xa3\xe0\xb9\x8c\xe0\xb8\x95\xe0\xb8\xb2',b'name'
b'29939632',b'tr',b'Cakarta',b'name'
b'29939632',b'tr',b'Cakarta',b'name'
b'29939632',b'tr',b'Cakarta',b'name'
b'29939632',b'tr',b'Cakarta',b'name'
b'29939632',b'ug',b'\xd8\xac\xd8\xa7\xd9\x83\xd8\xa7\xd8\xb1\xd8\xaa\xd8\xa7',b'name'
b'29939632',b'ug',b'\xd8\xac\xd8\xa7\xd9\x83\xd8\xa7\xd8\xb1\xd8\xaa\xd8\xa7',b'name'
b'29939632',b'ug',b'\xd8\xac\xd8\xa7\xd9\x83\xd8\xa7\xd8\xb1\xd8\xaa\xd8\xa7',b'name'
b'29939632',b'ug',b'\xd8\xac\xd8\xa7\xd9\x83\xd8\xa7\xd8\xb1\xd8\xaa\xd8\xa7',b'name'
b'29939632',b'uk',b'\xd0\x94\xd0\xb6\xd0\xb0\xd0\xba\xd0\xb0\xd1\x80\xd1\x82\xd0\xb0',b'name'
b'29939632',b'uk',b'\xd0\x94\xd0\xb6\xd0\xb0\xd0\xba\xd0\xb0\xd1\x80\xd1\x82\xd0\xb0',b'name'
b'29939632',b'uk',b'\xd0\x94\xd0\xb6\xd0\xb0\xd0\xba\xd0\xb0\xd1\x80\xd1\x82\xd0\xb0',b'name'
b'29939632',b'uk',b'\xd0\x94\xd0\xb6\xd0\xb0\xd0\xba\xd0\xb0\xd1\x80\xd1\x82\xd0\xb0',b'name'
b'29939632',b'ur',b'\xd8\xac\xda\xa9\xd8\xa7\xd8\xb1\xd8\xaa\xdb\x81',b'name'
b'29939632',b'ur',b'\xd8\xac\xda\xa9\xd8\xa7\xd8\xb1\xd8\xaa\xdb\x81',b'name'
b'29939632',b'ur',b'\xd8\xac\xda\xa9\xd8\xa7\xd8\xb1\xd8\xaa\xdb\x81',b'name'
b'29939632',b'ur',b'\xd8\xac\xda\xa9\xd8\xa7\xd8\xb1\xd8\xaa\xdb\x81',b'name'
b'29939632',b'yi',b'\xd7\x93\xd7\x96\xd7\xa9\xd7\x90\xd7\xa7\xd7\x90\xd7\xa8\xd7\x98\xd7\x90',b'name'
b'29939632',b'yi',b'\xd7\x93\xd7\x96\xd7\xa9\xd7\x90\xd7\xa7\xd7\x90\xd7\xa8\xd7\x98\xd7\x90',b'name'
b'29939632',b'yi',b'\xd7\x93\xd7\x96\xd7\xa9\xd7\x90\xd7\xa7\xd7\x90\xd7\xa8\xd7\x98\xd7\x90',b'name'
b'29939632',b'yi',b'\xd7\x93\xd7\x96\xd7\xa9\xd7\x90\xd7\xa7\xd7\x90\xd7\xa8\xd7\x98\xd7\x90',b'name'
b'29939632',b'za',b'Yajgyadaz',b'name'
b'29939632',b'za',b'Yajgyadaz',b'name'
b'29939632',b'za',b'Yajgyadaz',b'name'
b'29939632',b'za',b'Yajgyadaz',b'name'
b'29939632',b'zh',b'\xe9\x9b\x85\xe5\x8a\xa0\xe9\x81\x94',b'name'
b'29939632',b'zh',b'\xe9\x9b\x85\xe5\x8a\xa0\xe9\x81\x94',b'name'
b'29939632',b'zh',b'\xe9\x9b\x85\xe5\x8a\xa0\xe9\x81\x94',b'name'
b'29939632',b'zh',b'\xe9\x9b\x85\xe5\x8a\xa0\xe9\x81\x94',b'name'
b'29939632',b'arz',b'\xd8\xac\xd8\xa7\xd9\x83\xd8\xa7\xd8\xb1\xd8\xaa\xd8\xa7',b'name'
b'29939632',b'arz',b'\xd8\xac\xd8\xa7\xd9\x83\xd8\xa7\xd8\xb1\xd8\xaa\xd8\xa7',b'name'
b'29939632',b'arz',b'\xd8\xac\xd8\xa7\xd9\x83\xd8\xa7\xd8\xb1\xd8\xaa\xd8\xa7',b'name'
b'29939632',b'arz',b'\xd8\xac\xd8\xa7\xd9\x83\xd8\xa7\xd8\xb1\xd8\xaa\xd8\xa7',b'name'
b'29939632',b'ckb',b'\xd8\xac\xd8\xa7\xda\xa9\xd8\xa7\xd8\xb1\xd8\xaa\xd8\xa7',b'name'
b'29939632',b'ckb',b'\xd8\xac\xd8\xa7\xda\xa9\xd8\xa7\xd8\xb1\xd8\xaa\xd8\xa7',b'name'
b'29939632',b'ckb',b'\xd8\xac\xd8\xa7\xda\xa9\xd8\xa7\xd8\xb1\xd8\xaa\xd8\xa7',b'name'
b'29939632',b'ckb',b'\xd8\xac\xd8\xa7\xda\xa9\xd8\xa7\xd8\xb1\xd8\xaa\xd8\xa7',b'name'
b'29939632',b'hak',b'Ng\xc3\xa2-k\xc3\xa2-tha\xcc\x8dt S\xc3\xba-t\xc3\xbb Thi\xcc\x8dt-kh\xc3\xae',b'name'
b'29939632',b'hak',b'Ng\xc3\xa2-k\xc3\xa2-tha\xcc\x8dt S\xc3\xba-t\xc3\xbb Thi\xcc\x8dt-kh\xc3\xae',b'name'
b'29939632',b'hak',b'Ng\xc3\xa2-k\xc3\xa2-tha\xcc\x8dt S\xc3\xba-t\xc3\xbb Thi\xcc\x8dt-kh\xc3\xae',b'name'
b'29939632',b'hak',b'Ng\xc3\xa2-k\xc3\xa2-tha\xcc\x8dt S\xc3\xba-t\xc3\xbb Thi\xcc\x8dt-kh\xc3\xae',b'name'
b'29939632',b'jbo',b'.djakartas.',b'name'
b'29939632',b'jbo',b'.djakartas.',b'name'
b'29939632',b'jbo',b'.djakartas.',b'name'
b'29939632',b'jbo',b'.djakartas.',b'name'
b'29939632',b'lmo',b'Giacarta',b'name'
b'29939632',b'lmo',b'Giacarta',b'name'
b'29939632',b'lmo',b'Giacarta',b'name'
b'29939632',b'lmo',b'Giacarta',b'name'
b'29939632',b'mhr',b'\xd0\x94\xd0\xb6\xd0\xb0\xd0\xba\xd0\xb0\xd1\x80\xd1\x82\xd0\xb0',b'name'
b'29939632',b'mhr',b'\xd0\x94\xd0\xb6\xd0\xb0\xd0\xba\xd0\xb0\xd1\x80\xd1\x82\xd0\xb0',b'name'
b'29939632',b'mhr',b'\xd0\x94\xd0\xb6\xd0\xb0\xd0\xba\xd0\xb0\xd1\x80\xd1\x82\xd0\xb0',b'name'
b'29939632',b'mhr',b'\xd0\x94\xd0\xb6\xd0\xb0\xd0\xba\xd0\xb0\xd1\x80\xd1\x82\xd0\xb0',b'name'
b'29939632',b'mwl',b'Jacarta',b'name'
b'29939632',b'mwl',b'Jacarta',b'name'
b'29939632',b'mwl',b'Jacarta',b'name'
b'29939632',b'mwl',b'Jacarta',b'name'
b'29939632',b'mzn',b'\xd8\xac\xd8\xa7\xda\xa9\xd8\xa7\xd8\xb1\xd8\xaa\xd8\xa7',b'name'
b'29939632',b'mzn',b'\xd8\xac\xd8\xa7\xda\xa9\xd8\xa7\xd8\xb1\xd8\xaa\xd8\xa7',b'name'
b'29939632',b'mzn',b'\xd8\xac\xd8\xa7\xda\xa9\xd8\xa7\xd8\xb1\xd8\xaa\xd8\xa7',b'name'
b'29939632',b'mzn',b'\xd8\xac\xd8\xa7\xda\xa9\xd8\xa7\xd8\xb1\xd8\xaa\xd8\xa7',b'name'
b'29939632',b'nah',b'Yakarta',b'name'
b'29939632',b'nah',b'Yakarta',b'name'
b'29939632',b'nah',b'Yakarta',b'name'
b'29939632',b'nah',b'Yakarta',b'name'
b'29939632',b'pms',b'Giacarta',b'name'
b'29939632',b'pms',b'Giacarta',b'name'
b'29939632',b'pms',b'Giacarta',b'name'
b'29939632',b'pms',b'Giacarta',b'name'
b'29939632',b'pnb',b'\xd8\xac\xda\xa9\xd8\xa7\xd8\xb1\xd8\xaa\xdb\x81',b'name'
b'29939632',b'pnb',b'\xd8\xac\xda\xa9\xd8\xa7\xd8\xb1\xd8\xaa\xdb\x81',b'name'
b'29939632',b'pnb',b'\xd8\xac\xda\xa9\xd8\xa7\xd8\xb1\xd8\xaa\xdb\x81',b'name'
b'29939632',b'pnb',b'\xd8\xac\xda\xa9\xd8\xa7\xd8\xb1\xd8\xaa\xdb\x81',b'name'
b'29939632',b'rue',b'\xd0\x94\xd0\xb6\xd0\xb0\xd0\xba\xd0\xb0\xd1\x80\xd1\x82\xd0\xb0',b'name'
b'29939632',b'rue',b'\xd0\x94\xd0\xb6\xd0\xb0\xd0\xba\xd0\xb0\xd1\x80\xd1\x82\xd0\xb0',b'name'
b'29939632',b'rue',b'\xd0\x94\xd0\xb6\xd0\xb0\xd0\xba\xd0\xb0\xd1\x80\xd1\x82\xd0\xb0',b'name'
b'29939632',b'rue',b'\xd0\x94\xd0\xb6\xd0\xb0\xd0\xba\xd0\xb0\xd1\x80\xd1\x82\xd0\xb0',b'name'
b'29939632',b'sah',b'\xd0\x94\xd1\x8c\xd0\xb0\xd0\xba\xd0\xb0\xd1\x80\xd1\x82\xd0\xb0',b'name'
b'29939632',b'sah',b'\xd0\x94\xd1\x8c\xd0\xb0\xd0\xba\xd0\xb0\xd1\x80\xd1\x82\xd0\xb0',b'name'
b'29939632',b'sah',b'\xd0\x94\xd1\x8c\xd0\xb0\xd0\xba\xd0\xb0\xd1\x80\xd1\x82\xd0\xb0',b'name'
b'29939632',b'sah',b'\xd0\x94\xd1\x8c\xd0\xb0\xd0\xba\xd0\xb0\xd1\x80\xd1\x82\xd0\xb0',b'name'
b'29939632',b'szl',b'D\xc5\xbcakarta',b'name'
b'29939632',b'szl',b'D\xc5\xbcakarta',b'name'
b'29939632',b'szl',b'D\xc5\xbcakarta',b'name'
b'29939632',b'szl',b'D\xc5\xbcakarta',b'name'
b'29939632',b'vec',b'Xacarta',b'name'
b'29939632',b'vec',b'Xacarta',b'name'
b'29939632',b'vec',b'Xacarta',b'name'
b'29939632',b'vec',b'Xacarta',b'name'
b'29939632',b'old_name',b'Batavia',b'regular'
b'29939632',b'old_name',b'Batavia',b'regular'
b'29939632',b'old_name',b'Batavia',b'regular'
b'29939632',b'old_name',b'Batavia',b'regular'
b'29939632',b'wikidata',b'Q3630',b'regular'
b'29939632',b'wikidata',b'Q3630',b'regular'
b'29939632',b'wikidata',b'Q3630',b'regular'
b'29939632',b'wikidata',b'Q3630',b'regular'
b'29939632',b'wikipedia',b'en:Jakarta',b'regular'
b'29939632',b'wikipedia',b'en:Jakarta',b'regular'
b'29939632',b'wikipedia',b'en:Jakarta',b'regular'
b'29939632',b'wikipedia',b'en:Jakarta',b'regular'
b'29939632',b'population',b'10187595',b'regular'
b'29939632',b'population',b'10187595',b'regular'
b'29939632',b'population',b'10187595',b'regular'
b'29939632',b'population',b'10187595',b'regular'
b'29939632',b'admin_level',b'2',b'regular'
b'29939632',b'admin_level',b'2',b'regular'
b'29939632',b'admin_level',b'2',b'regular'
b'29939632',b'admin_level',b'2',b'regular'
b'29939632',b'ocean',b'Pacific',b'is_in'
b'29939632',b'ocean',b'Pacific',b'is_in'
b'29939632',b'ocean',b'Pacific',b'is_in'
b'29939632',b'ocean',b'Pacific',b'is_in'
b'29939632',b'zh-yue',b'\xe8\x80\xb6\xe5\x8a\xa0\xe9\x81\x94',b'name'
b'29939632',b'zh-yue',b'\xe8\x80\xb6\xe5\x8a\xa0\xe9\x81\x94',b'name'
b'29939632',b'zh-yue',b'\xe8\x80\xb6\xe5\x8a\xa0\xe9\x81\x94',b'name'
b'29939632',b'zh-yue',b'\xe8\x80\xb6\xe5\x8a\xa0\xe9\x81\x94',b'name'
b'29939632',b'island',b'Java',b'is_in'
b'29939632',b'island',b'Java',b'is_in'
b'29939632',b'island',b'Java',b'is_in'
b'29939632',b'island',b'Java',b'is_in'
b'29939632',b'bat-smg',b'D\xc5\xbeakarta',b'name'
b'29939632',b'bat-smg',b'D\xc5\xbeakarta',b'name'
b'29939632',b'bat-smg',b'D\xc5\xbeakarta',b'name'
b'29939632',b'bat-smg',b'D\xc5\xbeakarta',b'name'
b'29939632',b'country',b'Indonesia',b'is_in'
b'29939632',b'country',b'Indonesia',b'is_in'
b'29939632',b'country',b'Indonesia',b'is_in'
b'29939632',b'country',b'Indonesia',b'is_in'
b'29939632',b'roa-tara',b'Giacarta',b'name'
b'29939632',b'roa-tara',b'Giacarta',b'name'
b'29939632',b'roa-tara',b'Giacarta',b'name'
b'29939632',b'roa-tara',b'Giacarta',b'name'
b'29939632',b'official_name',b'Daerah Khusus Ibukota Jakarta',b'regular'
b'29939632',b'official_name',b'Daerah Khusus Ibukota Jakarta',b'regular'
b'29939632',b'official_name',b'Daerah Khusus Ibukota Jakarta',b'regular'
b'29939632',b'official_name',b'Daerah Khusus Ibukota Jakarta',b'regular'
b'29939632',b'continent',b'Asia',b'is_in'
b'29939632',b'continent',b'Asia',b'is_in'
b'29939632',b'continent',b'Asia',b'is_in'
b'29939632',b'continent',b'Asia',b'is_in'
b'29939632',b'capital_ISO3166-1',b'yes',b'regular'
b'29939632',b'capital_ISO3166-1',b'yes',b'regular'
b'29939632',b'capital_ISO3166-1',b'yes',b'regular'
b'29939632',b'capital_ISO3166-1',b'yes',b'regular'
b'29939632',b'country_code',b'ID',b'is_in'
b'29939632',b'country_code',b'ID',b'is_in'
b'29939632',b'country_code',b'ID',b'is_in'
b'29939632',b'country_code',b'ID',b'is_in'
b'29939972',b'created_by',b'JOSM',b'regular'
b'29939972',b'created_by',b'JOSM',b'regular'
b'29939972',b'created_by',b'JOSM',b'regular'
b'29939972',b'created_by',b'JOSM',b'regular'
b'29939973',b'created_by',b'JOSM',b'regular'
b'29939973',b'created_by',b'JOSM',b'regular'
b'29939973',b'created_by',b'JOSM',b'regular'
b'29939973',b'created_by',b'JOSM',b'regular'
b'29939974',b'created_by',b'JOSM',b'regular'
b'29939974',b'created_by',b'JOSM',b'regular'
b'29939974',b'created_by',b'JOSM',b'regular'
b'29939974',b'created_by',b'JOSM',b'regular'
b'29939975',b'created_by',b'JOSM',b'regular'
b'29939975',b'created_by',b'JOSM',b'regular'
b'29939975',b'created_by',b'JOSM',b'regular'
b'29939975',b'created_by',b'JOSM',b'regular'
b'29939976',b'created_by',b'JOSM',b'regular'
b'29939976',b'created_by',b'JOSM',b'regular'
b'29939976',b'created_by',b'JOSM',b'regular'
b'29939976',b'created_by',b'JOSM',b'regular'
b'29939977',b'created_by',b'JOSM',b'regular'
b'29939977',b'created_by',b'JOSM',b'regular'
b'29939977',b'created_by',b'JOSM',b'regular'
b'29939977',b'created_by',b'JOSM',b'regular'
b'29940072',b'created_by',b'Merkaartor 0.12',b'regular'
b'29940072',b'created_by',b'Merkaartor 0.12',b'regular'
b'29940072',b'created_by',b'Merkaartor 0.12',b'regular'
b'29940072',b'created_by',b'Merkaartor 0.12',b'regular'
b'29940091',b'created_by',b'Merkaartor 0.12',b'regular'
b'29940091',b'created_by',b'Merkaartor 0.12',b'regular'
b'29940091',b'created_by',b'Merkaartor 0.12',b'regular'
b'29940091',b'created_by',b'Merkaartor 0.12',b'regular'
b'29940092',b'created_by',b'Merkaartor 0.12',b'regular'
b'29940092',b'created_by',b'Merkaartor 0.12',b'regular'
b'29940092',b'created_by',b'Merkaartor 0.12',b'regular'
b'29940092',b'created_by',b'Merkaartor 0.12',b'regular'
b'29940094',b'created_by',b'Merkaartor 0.12',b'regular'
b'29940094',b'created_by',b'Merkaartor 0.12',b'regular'
b'29940094',b'created_by',b'Merkaartor 0.12',b'regular'
b'29940094',b'created_by',b'Merkaartor 0.12',b'regular'
b'29940095',b'created_by',b'Merkaartor 0.12',b'regular'
b'29940095',b'created_by',b'Merkaartor 0.12',b'regular'
b'29940095',b'created_by',b'Merkaartor 0.12',b'regular'
b'29940095',b'created_by',b'Merkaartor 0.12',b'regular'
b'29940096',b'created_by',b'Merkaartor 0.12',b'regular'
b'29940096',b'created_by',b'Merkaartor 0.12',b'regular'
b'29940096',b'created_by',b'Merkaartor 0.12',b'regular'
b'29940096',b'created_by',b'Merkaartor 0.12',b'regular'
b'29940098',b'created_by',b'Merkaartor 0.12',b'regular'
b'29940098',b'created_by',b'Merkaartor 0.12',b'regular'
b'29940098',b'created_by',b'Merkaartor 0.12',b'regular'
b'29940098',b'created_by',b'Merkaartor 0.12',b'regular'
b'29940099',b'created_by',b'Merkaartor 0.12',b'regular'
b'29940099',b'created_by',b'Merkaartor 0.12',b'regular'
b'29940099',b'created_by',b'Merkaartor 0.12',b'regular'
b'29940099',b'created_by',b'Merkaartor 0.12',b'regular'
b'90652621',b'highway',b'crossing',b'regular'
b'90652621',b'highway',b'crossing',b'regular'
b'90652621',b'highway',b'crossing',b'regular'
b'90652621',b'highway',b'crossing',b'regular'
b'94986550',b'created_by',b'Merkaartor 0.13',b'regular'
b'94986550',b'created_by',b'Merkaartor 0.13',b'regular'
b'94986550',b'created_by',b'Merkaartor 0.13',b'regular'
b'94986550',b'created_by',b'Merkaartor 0.13',b'regular'
b'94995158',b'created_by',b'Merkaartor 0.13',b'regular'
b'94995158',b'created_by',b'Merkaartor 0.13',b'regular'
b'94995158',b'created_by',b'Merkaartor 0.13',b'regular'
b'94995158',b'created_by',b'Merkaartor 0.13',b'regular'
b'94995172',b'created_by',b'Merkaartor 0.13',b'regular'
b'94995172',b'created_by',b'Merkaartor 0.13',b'regular'
b'94995172',b'created_by',b'Merkaartor 0.13',b'regular'
b'94995172',b'created_by',b'Merkaartor 0.13',b'regular'
b'95006358',b'created_by',b'Merkaartor 0.13',b'regular'
b'95006358',b'created_by',b'Merkaartor 0.13',b'regular'
b'95006358',b'created_by',b'Merkaartor 0.13',b'regular'
b'95006358',b'created_by',b'Merkaartor 0.13',b'regular'
b'95016902',b'source',b'HOT_InAWARESurvey_2017',b'regular'
b'95016902',b'source',b'HOT_InAWARESurvey_2017',b'regular'
b'95016902',b'source',b'HOT_InAWARESurvey_2017',b'regular'
b'95016902',b'source',b'HOT_InAWARESurvey_2017',b'regular'
b'95016903',b'source',b'HOT_InAWARESurvey_2017',b'regular'
b'95016903',b'source',b'HOT_InAWARESurvey_2017',b'regular'
b'95016903',b'source',b'HOT_InAWARESurvey_2017',b'regular'
b'95016903',b'source',b'HOT_InAWARESurvey_2017',b'regular'
b'95016905',b'source',b'HOT_InAWARESurvey_2017',b'regular'
b'95016905',b'source',b'HOT_InAWARESurvey_2017',b'regular'
b'95016905',b'source',b'HOT_InAWARESurvey_2017',b'regular'
b'95016905',b'source',b'HOT_InAWARESurvey_2017',b'regular'
